{
	"info": {
		"_postman_id": "cd9ebf77-90e4-4e01-87d7-9a7787e5d5d1",
		"name": "DanielAndre",
		"schema": "https://schema.getpostman.com/json/collection/v2.1.0/collection.json"
	},
  "item": [
    {
			"name": "TokenGenerator",
			"event": [
				{
					"listen": "test",
					"script": {
						"id": "73739e23-fb26-474e-b202-7ea845e06c55",
						"exec": [
							"var jsonData = JSON.parse(responseBody);\r",
							"var token = jsonData.document.access_token;\r",
							"postman.setEnvironmentVariable(\"token\", token);"
						],
						"type": "text/javascript"
					}
				}
			],
			"request": {
				"method": "POST",
				"header": [
					{
						"key": "Content-Type",
						"name": "Content-Type",
						"value": "application/json",
						"type": "text"
					}
				],
				"body": {
					"mode": "raw",
					"raw": "{\n\"username\":\"admin\",\n\"password\":\"admin123\"\n}",
					"options": {
						"raw": {
							"language": "json"
						}
					}
				},
				"url": {
					"raw": "{{DEVServerURL}}/token/generate.php",
					"host": [
						"{{DEVServerURL}}"
					],
					"path": [
						"token",
						"generate.php"
					]
				}
			},
			"response": []
		},
		{
			"name": "Upload Image",
			"request": {
				"auth": {
					"type": "bearer",
					"bearer": [
						{
							"key": "token",
							"value": "{{token}}",
							"type": "string"
						}
					]
				},
				"method": "POST",
				"header": [],
				"body": {
					"mode": "formdata",
					"formdata": [
						{
							"key": "image",
							"type": "file",
							"src": ""
						}
					]
				},
				"url": {
					"raw": "{{DEVServerURL}}/files/uploadimage.php",
					"host": [
						"{{DEVServerURL}}"
					],
					"path": [
						"files",
						"uploadimage.php"
					]
				}
			},
			"response": []
		},
		{
			"name": "Upload File",
			"request": {
				"auth": {
					"type": "bearer",
					"bearer": [
						{
							"key": "token",
							"value": "{{token}}",
							"type": "string"
						}
					]
				},
				"method": "POST",
				"header": [],
				"body": {
					"mode": "formdata",
					"formdata": [
						{
							"key": "file",
							"type": "file",
							"src": ""
						}
					]
				},
				"url": {
					"raw": "{{DEVServerURL}}/files/uploadfile.php",
					"host": [
						"{{DEVServerURL}}"
					],
					"path": [
						"files",
						"uploadfile.php"
					]
				}
			},
			"response": []
		},
		{
			"name": "Read File Base64",
			"request": {
				"auth": {
					"type": "bearer",
					"bearer": [
						{
							"key": "token",
							"value": "{{token}}",
							"type": "string"
						}
					]
				},
				"method": "GET",
				"header": [],
				"url": {
					"raw": "{{DEVServerURL}}/files/readfile.php?filename=5f3ac39e317dd5f3ac39e317e1.png",
					"host": [
						"{{DEVServerURL}}"
					],
					"path": [
						"files",
						"readfile.php"
					],
					"query": [
						{
							"key": "filename",
							"value": "5f3ac39e317dd5f3ac39e317e1.png"
						}
					]
				}
			},
			"response": []
		},
		{
			"name": "FCM Notification",
			"request": {
				"auth": {
					"type": "bearer",
					"bearer": [
						{
							"key": "token",
							"value": "{{token}}",
							"type": "string"
						}
					]
				},
				"method": "POST",
				"header": [],
				"body": {
					"mode": "raw",
					"raw": "{\r\n    \"title\":\"title of notification\",\r\n    \"subtitle\":\"subtitle of notification\",\r\n    \"body\":\"body of notification\",\r\n    \"iconURL\":\"https://s3.envato.com/files/298518272/80Logo.png\",\r\n    \"iconImage\":\"https://s3.envato.com/files/298518750/profileimg.png\"\r\n}",
					"options": {
						"raw": {
							"language": "json"
						}
					}
				},
				"url": {
					"raw": "{{DEVServerURL}}/notification/send.php",
					"host": [
						"{{DEVServerURL}}"
					],
					"path": [
						"notification",
						"send.php"
					]
				}
			},
			"response": []
		},
		{
			"name": "Send Email Notification",
			"request": {
				"auth": {
					"type": "bearer",
					"bearer": [
						{
							"key": "token",
							"value": "{{token}}",
							"type": "string"
						}
					]
				},
				"method": "POST",
				"header": [],
				"body": {
					"mode": "raw",
					"raw": "{\r\n    \"to\":\"nisgyan@gmail.com,info@getautomator.com\",\r\n    \"subject\":\"sbuject of email\",\r\n    \"body\":\"body of email\",\r\n    \"cc\":\"nishant@migids.com\"\r\n}",
					"options": {
						"raw": {
							"language": "json"
						}
					}
				},
				"url": {
					"raw": "{{DEVServerURL}}/notification/sendemail.php",
					"host": [
						"{{DEVServerURL}}"
					],
					"path": [
						"notification",
						"sendemail.php"
					]
				}
			},
			"response": []
		},
    {"name": "Basket - GETALL", "request":{ "auth":{ "type": "bearer", "bearer": [ { "key": "token", "value": "{{token}}", "type": "string"}]},"method": "GET", "header": [ { "key": "Content-Type", "name": "Content-Type", "value": "application/json", "type": "text" } ], "body": { "mode": "raw", "raw": "", "options": { "raw": { "language": "json" } } }, "url": { "raw": "{{DEVServerURL}}", "host": [ "{{DEVServerURL}}" ], "path": ["basket","read.php?pageno=1&pagesize=30"] } }, "response": [] }
,{"name": "Basket - Search", "request":{ "auth":{ "type": "bearer", "bearer": [ { "key": "token", "value": "{{token}}", "type": "string"}]},"method": "GET", "header": [ { "key": "Content-Type", "name": "Content-Type", "value": "application/json", "type": "text" } ], "body": { "mode": "raw", "raw": "", "options": { "raw": { "language": "json" } } }, "url": { "raw": "{{DEVServerURL}}", "host": [ "{{DEVServerURL}}" ], "path": ["basket","search.php?key=abc&pageno=1&pagesize=30"] } }, "response": [] }
,{"name": "Basket - GETByID", "request":{ "auth":{ "type": "bearer", "bearer": [ { "key": "token", "value": "{{token}}", "type": "string"}]},"method": "GET", "header": [ { "key": "Content-Type", "name": "Content-Type", "value": "application/json", "type": "text" } ], "body": { "mode": "raw", "raw": "", "options": { "raw": { "language": "json" } } }, "url": { "raw": "{{DEVServerURL}}", "host": [ "{{DEVServerURL}}" ], "path": ["basket","read_one.php?id=1"] } }, "response": [] }
,{"name": "Basket - Delete", "request":{ "auth":{ "type": "bearer", "bearer": [ { "key": "token", "value": "{{token}}", "type": "string"}]},"method": "POST", "header": [ { "key": "Content-Type", "name": "Content-Type", "value": "application/json", "type": "text" } ], "body": { "mode": "raw", "raw": "{\"bid\":\"\"}", "options": { "raw": { "language": "json" } } }, "url": { "raw": "{{DEVServerURL}}", "host": [ "{{DEVServerURL}}" ], "path": ["basket","delete.php"] } }, "response": [] }
,{"name": "Basket - Add New", "request":{ "auth":{ "type": "bearer", "bearer": [ { "key": "token", "value": "{{token}}", "type": "string"}]},"method": "POST", "header": [ { "key": "Content-Type", "name": "Content-Type", "value": "application/json", "type": "text" } ], "body": { "mode": "raw", "raw": "{\"token\":\"\",\"gid\":\"\",\"uid\":\"\"}", "options": { "raw": { "language": "json" } } }, "url": { "raw": "{{DEVServerURL}}", "host": [ "{{DEVServerURL}}" ], "path": ["basket","create.php"] } }, "response": [] }
,{"name": "Basket - Update", "request":{ "auth":{ "type": "bearer", "bearer": [ { "key": "token", "value": "{{token}}", "type": "string"}]},"method": "POST", "header": [ { "key": "Content-Type", "name": "Content-Type", "value": "application/json", "type": "text" } ], "body": { "mode": "raw", "raw": "{\"token\":\"\",\"gid\":\"\",\"uid\":\"\",\"bid\":\"\"}", "options": { "raw": { "language": "json" } } }, "url": { "raw": "{{DEVServerURL}}", "host": [ "{{DEVServerURL}}" ], "path": ["basket","update.php"] } }, "response": [] }
,{"name": "Basket - SearchByColumn", "request":{ "auth":{ "type": "bearer", "bearer": [ { "key": "token", "value": "{{token}}", "type": "string"}]},"method": "POST", "header": [ { "key": "Content-Type", "name": "Content-Type", "value": "application/json", "type": "text" } ], "body": { "mode": "raw", "raw": "[{\"columnName\":\"\",\"columnLogic\":\"LIKE\",\"columnValue\":\"\"},{\"columnName\":\"\",\"columnLogic\":\"LIKE\",\"columnValue\":\"\"},{\"columnName\":\"\",\"columnLogic\":\"LIKE\",\"columnValue\":\"\"}]", "options": { "raw": { "language": "json" } } }, "url": { "raw": "{{DEVServerURL}}", "host": [ "{{DEVServerURL}}" ], "path": ["basket","search_by_column.php?orAnd=OR&pageno=1&pagesize=30"] } }, "response": [] }
,{"name": "Basket_Item - GETALL", "request":{ "auth":{ "type": "bearer", "bearer": [ { "key": "token", "value": "{{token}}", "type": "string"}]},"method": "GET", "header": [ { "key": "Content-Type", "name": "Content-Type", "value": "application/json", "type": "text" } ], "body": { "mode": "raw", "raw": "", "options": { "raw": { "language": "json" } } }, "url": { "raw": "{{DEVServerURL}}", "host": [ "{{DEVServerURL}}" ], "path": ["basket_item","read.php?pageno=1&pagesize=30"] } }, "response": [] }
,{"name": "Basket_Item - Search", "request":{ "auth":{ "type": "bearer", "bearer": [ { "key": "token", "value": "{{token}}", "type": "string"}]},"method": "GET", "header": [ { "key": "Content-Type", "name": "Content-Type", "value": "application/json", "type": "text" } ], "body": { "mode": "raw", "raw": "", "options": { "raw": { "language": "json" } } }, "url": { "raw": "{{DEVServerURL}}", "host": [ "{{DEVServerURL}}" ], "path": ["basket_item","search.php?key=abc&pageno=1&pagesize=30"] } }, "response": [] }
,{"name": "Basket_Item - GETByID", "request":{ "auth":{ "type": "bearer", "bearer": [ { "key": "token", "value": "{{token}}", "type": "string"}]},"method": "GET", "header": [ { "key": "Content-Type", "name": "Content-Type", "value": "application/json", "type": "text" } ], "body": { "mode": "raw", "raw": "", "options": { "raw": { "language": "json" } } }, "url": { "raw": "{{DEVServerURL}}", "host": [ "{{DEVServerURL}}" ], "path": ["basket_item","read_one.php?id=1"] } }, "response": [] }
,{"name": "Basket_Item - Delete", "request":{ "auth":{ "type": "bearer", "bearer": [ { "key": "token", "value": "{{token}}", "type": "string"}]},"method": "POST", "header": [ { "key": "Content-Type", "name": "Content-Type", "value": "application/json", "type": "text" } ], "body": { "mode": "raw", "raw": "{\"item_id\":\"\"}", "options": { "raw": { "language": "json" } } }, "url": { "raw": "{{DEVServerURL}}", "host": [ "{{DEVServerURL}}" ], "path": ["basket_item","delete.php"] } }, "response": [] }
,{"name": "Basket_Item - Add New", "request":{ "auth":{ "type": "bearer", "bearer": [ { "key": "token", "value": "{{token}}", "type": "string"}]},"method": "POST", "header": [ { "key": "Content-Type", "name": "Content-Type", "value": "application/json", "type": "text" } ], "body": { "mode": "raw", "raw": "{\"item_id\":\"\",\"bid\":\"\"}", "options": { "raw": { "language": "json" } } }, "url": { "raw": "{{DEVServerURL}}", "host": [ "{{DEVServerURL}}" ], "path": ["basket_item","create.php"] } }, "response": [] }
,{"name": "Basket_Item - Update", "request":{ "auth":{ "type": "bearer", "bearer": [ { "key": "token", "value": "{{token}}", "type": "string"}]},"method": "POST", "header": [ { "key": "Content-Type", "name": "Content-Type", "value": "application/json", "type": "text" } ], "body": { "mode": "raw", "raw": "{\"item_id\":\"\",\"bid\":\"\"}", "options": { "raw": { "language": "json" } } }, "url": { "raw": "{{DEVServerURL}}", "host": [ "{{DEVServerURL}}" ], "path": ["basket_item","update.php"] } }, "response": [] }
,{"name": "Basket_Item - SearchByColumn", "request":{ "auth":{ "type": "bearer", "bearer": [ { "key": "token", "value": "{{token}}", "type": "string"}]},"method": "POST", "header": [ { "key": "Content-Type", "name": "Content-Type", "value": "application/json", "type": "text" } ], "body": { "mode": "raw", "raw": "[{\"columnName\":\"\",\"columnLogic\":\"LIKE\",\"columnValue\":\"\"},{\"columnName\":\"\",\"columnLogic\":\"LIKE\",\"columnValue\":\"\"}]", "options": { "raw": { "language": "json" } } }, "url": { "raw": "{{DEVServerURL}}", "host": [ "{{DEVServerURL}}" ], "path": ["basket_item","search_by_column.php?orAnd=OR&pageno=1&pagesize=30"] } }, "response": [] }
,{"name": "Basket_Item - GETByitem_id", "request":{ "auth":{ "type": "bearer", "bearer": [ { "key": "token", "value": "{{token}}", "type": "string"}]},"method": "GET", "header": [ { "key": "Content-Type", "name": "Content-Type", "value": "application/json", "type": "text" } ], "body": { "mode": "raw", "raw": "", "options": { "raw": { "language": "json" } } }, "url": { "raw": "{{DEVServerURL}}", "host": [ "{{DEVServerURL}}" ], "path": ["basket_item","read_by_item_id.php?item_id=1"] } }, "response": [] }
,{"name": "Basket_Item - GETBybid", "request":{ "auth":{ "type": "bearer", "bearer": [ { "key": "token", "value": "{{token}}", "type": "string"}]},"method": "GET", "header": [ { "key": "Content-Type", "name": "Content-Type", "value": "application/json", "type": "text" } ], "body": { "mode": "raw", "raw": "", "options": { "raw": { "language": "json" } } }, "url": { "raw": "{{DEVServerURL}}", "host": [ "{{DEVServerURL}}" ], "path": ["basket_item","read_by_bid.php?bid=1"] } }, "response": [] }
,{"name": "Category - GETALL", "request":{ "auth":{ "type": "bearer", "bearer": [ { "key": "token", "value": "{{token}}", "type": "string"}]},"method": "GET", "header": [ { "key": "Content-Type", "name": "Content-Type", "value": "application/json", "type": "text" } ], "body": { "mode": "raw", "raw": "", "options": { "raw": { "language": "json" } } }, "url": { "raw": "{{DEVServerURL}}", "host": [ "{{DEVServerURL}}" ], "path": ["category","read.php?pageno=1&pagesize=30"] } }, "response": [] }
,{"name": "Category - Search", "request":{ "auth":{ "type": "bearer", "bearer": [ { "key": "token", "value": "{{token}}", "type": "string"}]},"method": "GET", "header": [ { "key": "Content-Type", "name": "Content-Type", "value": "application/json", "type": "text" } ], "body": { "mode": "raw", "raw": "", "options": { "raw": { "language": "json" } } }, "url": { "raw": "{{DEVServerURL}}", "host": [ "{{DEVServerURL}}" ], "path": ["category","search.php?key=abc&pageno=1&pagesize=30"] } }, "response": [] }
,{"name": "Category - GETByID", "request":{ "auth":{ "type": "bearer", "bearer": [ { "key": "token", "value": "{{token}}", "type": "string"}]},"method": "GET", "header": [ { "key": "Content-Type", "name": "Content-Type", "value": "application/json", "type": "text" } ], "body": { "mode": "raw", "raw": "", "options": { "raw": { "language": "json" } } }, "url": { "raw": "{{DEVServerURL}}", "host": [ "{{DEVServerURL}}" ], "path": ["category","read_one.php?id=1"] } }, "response": [] }
,{"name": "Category - Delete", "request":{ "auth":{ "type": "bearer", "bearer": [ { "key": "token", "value": "{{token}}", "type": "string"}]},"method": "POST", "header": [ { "key": "Content-Type", "name": "Content-Type", "value": "application/json", "type": "text" } ], "body": { "mode": "raw", "raw": "{\"cid\":\"\"}", "options": { "raw": { "language": "json" } } }, "url": { "raw": "{{DEVServerURL}}", "host": [ "{{DEVServerURL}}" ], "path": ["category","delete.php"] } }, "response": [] }
,{"name": "Category - Add New", "request":{ "auth":{ "type": "bearer", "bearer": [ { "key": "token", "value": "{{token}}", "type": "string"}]},"method": "POST", "header": [ { "key": "Content-Type", "name": "Content-Type", "value": "application/json", "type": "text" } ], "body": { "mode": "raw", "raw": "{\"name\":\"\"}", "options": { "raw": { "language": "json" } } }, "url": { "raw": "{{DEVServerURL}}", "host": [ "{{DEVServerURL}}" ], "path": ["category","create.php"] } }, "response": [] }
,{"name": "Category - Update", "request":{ "auth":{ "type": "bearer", "bearer": [ { "key": "token", "value": "{{token}}", "type": "string"}]},"method": "POST", "header": [ { "key": "Content-Type", "name": "Content-Type", "value": "application/json", "type": "text" } ], "body": { "mode": "raw", "raw": "{\"name\":\"\",\"cid\":\"\"}", "options": { "raw": { "language": "json" } } }, "url": { "raw": "{{DEVServerURL}}", "host": [ "{{DEVServerURL}}" ], "path": ["category","update.php"] } }, "response": [] }
,{"name": "Category - SearchByColumn", "request":{ "auth":{ "type": "bearer", "bearer": [ { "key": "token", "value": "{{token}}", "type": "string"}]},"method": "POST", "header": [ { "key": "Content-Type", "name": "Content-Type", "value": "application/json", "type": "text" } ], "body": { "mode": "raw", "raw": "[{\"columnName\":\"\",\"columnLogic\":\"LIKE\",\"columnValue\":\"\"}]", "options": { "raw": { "language": "json" } } }, "url": { "raw": "{{DEVServerURL}}", "host": [ "{{DEVServerURL}}" ], "path": ["category","search_by_column.php?orAnd=OR&pageno=1&pagesize=30"] } }, "response": [] }
,{"name": "Gift_List - GETALL", "request":{ "auth":{ "type": "bearer", "bearer": [ { "key": "token", "value": "{{token}}", "type": "string"}]},"method": "GET", "header": [ { "key": "Content-Type", "name": "Content-Type", "value": "application/json", "type": "text" } ], "body": { "mode": "raw", "raw": "", "options": { "raw": { "language": "json" } } }, "url": { "raw": "{{DEVServerURL}}", "host": [ "{{DEVServerURL}}" ], "path": ["gift_list","read.php?pageno=1&pagesize=30"] } }, "response": [] }
,{"name": "Gift_List - Search", "request":{ "auth":{ "type": "bearer", "bearer": [ { "key": "token", "value": "{{token}}", "type": "string"}]},"method": "GET", "header": [ { "key": "Content-Type", "name": "Content-Type", "value": "application/json", "type": "text" } ], "body": { "mode": "raw", "raw": "", "options": { "raw": { "language": "json" } } }, "url": { "raw": "{{DEVServerURL}}", "host": [ "{{DEVServerURL}}" ], "path": ["gift_list","search.php?key=abc&pageno=1&pagesize=30"] } }, "response": [] }
,{"name": "Gift_List - GETByID", "request":{ "auth":{ "type": "bearer", "bearer": [ { "key": "token", "value": "{{token}}", "type": "string"}]},"method": "GET", "header": [ { "key": "Content-Type", "name": "Content-Type", "value": "application/json", "type": "text" } ], "body": { "mode": "raw", "raw": "", "options": { "raw": { "language": "json" } } }, "url": { "raw": "{{DEVServerURL}}", "host": [ "{{DEVServerURL}}" ], "path": ["gift_list","read_one.php?id=1"] } }, "response": [] }
,{"name": "Gift_List - Delete", "request":{ "auth":{ "type": "bearer", "bearer": [ { "key": "token", "value": "{{token}}", "type": "string"}]},"method": "POST", "header": [ { "key": "Content-Type", "name": "Content-Type", "value": "application/json", "type": "text" } ], "body": { "mode": "raw", "raw": "{\"gid\":\"\"}", "options": { "raw": { "language": "json" } } }, "url": { "raw": "{{DEVServerURL}}", "host": [ "{{DEVServerURL}}" ], "path": ["gift_list","delete.php"] } }, "response": [] }
,{"name": "Gift_List - Add New", "request":{ "auth":{ "type": "bearer", "bearer": [ { "key": "token", "value": "{{token}}", "type": "string"}]},"method": "POST", "header": [ { "key": "Content-Type", "name": "Content-Type", "value": "application/json", "type": "text" } ], "body": { "mode": "raw", "raw": "{\"custom_url\":\"\",\"is_preview\":\"\",\"salutation\":\"\",\"wid\":\"\"}", "options": { "raw": { "language": "json" } } }, "url": { "raw": "{{DEVServerURL}}", "host": [ "{{DEVServerURL}}" ], "path": ["gift_list","create.php"] } }, "response": [] }
,{"name": "Gift_List - Update", "request":{ "auth":{ "type": "bearer", "bearer": [ { "key": "token", "value": "{{token}}", "type": "string"}]},"method": "POST", "header": [ { "key": "Content-Type", "name": "Content-Type", "value": "application/json", "type": "text" } ], "body": { "mode": "raw", "raw": "{\"custom_url\":\"\",\"is_preview\":\"\",\"salutation\":\"\",\"wid\":\"\",\"gid\":\"\"}", "options": { "raw": { "language": "json" } } }, "url": { "raw": "{{DEVServerURL}}", "host": [ "{{DEVServerURL}}" ], "path": ["gift_list","update.php"] } }, "response": [] }
,{"name": "Gift_List - SearchByColumn", "request":{ "auth":{ "type": "bearer", "bearer": [ { "key": "token", "value": "{{token}}", "type": "string"}]},"method": "POST", "header": [ { "key": "Content-Type", "name": "Content-Type", "value": "application/json", "type": "text" } ], "body": { "mode": "raw", "raw": "[{\"columnName\":\"\",\"columnLogic\":\"LIKE\",\"columnValue\":\"\"},{\"columnName\":\"\",\"columnLogic\":\"LIKE\",\"columnValue\":\"\"},{\"columnName\":\"\",\"columnLogic\":\"LIKE\",\"columnValue\":\"\"},{\"columnName\":\"\",\"columnLogic\":\"LIKE\",\"columnValue\":\"\"}]", "options": { "raw": { "language": "json" } } }, "url": { "raw": "{{DEVServerURL}}", "host": [ "{{DEVServerURL}}" ], "path": ["gift_list","search_by_column.php?orAnd=OR&pageno=1&pagesize=30"] } }, "response": [] }
,{"name": "Gift_List_Items - GETALL", "request":{ "auth":{ "type": "bearer", "bearer": [ { "key": "token", "value": "{{token}}", "type": "string"}]},"method": "GET", "header": [ { "key": "Content-Type", "name": "Content-Type", "value": "application/json", "type": "text" } ], "body": { "mode": "raw", "raw": "", "options": { "raw": { "language": "json" } } }, "url": { "raw": "{{DEVServerURL}}", "host": [ "{{DEVServerURL}}" ], "path": ["gift_list_items","read.php?pageno=1&pagesize=30"] } }, "response": [] }
,{"name": "Gift_List_Items - Search", "request":{ "auth":{ "type": "bearer", "bearer": [ { "key": "token", "value": "{{token}}", "type": "string"}]},"method": "GET", "header": [ { "key": "Content-Type", "name": "Content-Type", "value": "application/json", "type": "text" } ], "body": { "mode": "raw", "raw": "", "options": { "raw": { "language": "json" } } }, "url": { "raw": "{{DEVServerURL}}", "host": [ "{{DEVServerURL}}" ], "path": ["gift_list_items","search.php?key=abc&pageno=1&pagesize=30"] } }, "response": [] }
,{"name": "Gift_List_Items - GETByID", "request":{ "auth":{ "type": "bearer", "bearer": [ { "key": "token", "value": "{{token}}", "type": "string"}]},"method": "GET", "header": [ { "key": "Content-Type", "name": "Content-Type", "value": "application/json", "type": "text" } ], "body": { "mode": "raw", "raw": "", "options": { "raw": { "language": "json" } } }, "url": { "raw": "{{DEVServerURL}}", "host": [ "{{DEVServerURL}}" ], "path": ["gift_list_items","read_one.php?id=1"] } }, "response": [] }
,{"name": "Gift_List_Items - Delete", "request":{ "auth":{ "type": "bearer", "bearer": [ { "key": "token", "value": "{{token}}", "type": "string"}]},"method": "POST", "header": [ { "key": "Content-Type", "name": "Content-Type", "value": "application/json", "type": "text" } ], "body": { "mode": "raw", "raw": "{\"item_id\":\"\"}", "options": { "raw": { "language": "json" } } }, "url": { "raw": "{{DEVServerURL}}", "host": [ "{{DEVServerURL}}" ], "path": ["gift_list_items","delete.php"] } }, "response": [] }
,{"name": "Gift_List_Items - Add New", "request":{ "auth":{ "type": "bearer", "bearer": [ { "key": "token", "value": "{{token}}", "type": "string"}]},"method": "POST", "header": [ { "key": "Content-Type", "name": "Content-Type", "value": "application/json", "type": "text" } ], "body": { "mode": "raw", "raw": "{\"item_id\":\"\",\"gid\":\"\"}", "options": { "raw": { "language": "json" } } }, "url": { "raw": "{{DEVServerURL}}", "host": [ "{{DEVServerURL}}" ], "path": ["gift_list_items","create.php"] } }, "response": [] }
,{"name": "Gift_List_Items - Update", "request":{ "auth":{ "type": "bearer", "bearer": [ { "key": "token", "value": "{{token}}", "type": "string"}]},"method": "POST", "header": [ { "key": "Content-Type", "name": "Content-Type", "value": "application/json", "type": "text" } ], "body": { "mode": "raw", "raw": "{\"item_id\":\"\",\"gid\":\"\"}", "options": { "raw": { "language": "json" } } }, "url": { "raw": "{{DEVServerURL}}", "host": [ "{{DEVServerURL}}" ], "path": ["gift_list_items","update.php"] } }, "response": [] }
,{"name": "Gift_List_Items - SearchByColumn", "request":{ "auth":{ "type": "bearer", "bearer": [ { "key": "token", "value": "{{token}}", "type": "string"}]},"method": "POST", "header": [ { "key": "Content-Type", "name": "Content-Type", "value": "application/json", "type": "text" } ], "body": { "mode": "raw", "raw": "[{\"columnName\":\"\",\"columnLogic\":\"LIKE\",\"columnValue\":\"\"},{\"columnName\":\"\",\"columnLogic\":\"LIKE\",\"columnValue\":\"\"}]", "options": { "raw": { "language": "json" } } }, "url": { "raw": "{{DEVServerURL}}", "host": [ "{{DEVServerURL}}" ], "path": ["gift_list_items","search_by_column.php?orAnd=OR&pageno=1&pagesize=30"] } }, "response": [] }
,{"name": "Gift_List_Items - GETByitem_id", "request":{ "auth":{ "type": "bearer", "bearer": [ { "key": "token", "value": "{{token}}", "type": "string"}]},"method": "GET", "header": [ { "key": "Content-Type", "name": "Content-Type", "value": "application/json", "type": "text" } ], "body": { "mode": "raw", "raw": "", "options": { "raw": { "language": "json" } } }, "url": { "raw": "{{DEVServerURL}}", "host": [ "{{DEVServerURL}}" ], "path": ["gift_list_items","read_by_item_id.php?item_id=1"] } }, "response": [] }
,{"name": "Image - GETALL", "request":{ "auth":{ "type": "bearer", "bearer": [ { "key": "token", "value": "{{token}}", "type": "string"}]},"method": "GET", "header": [ { "key": "Content-Type", "name": "Content-Type", "value": "application/json", "type": "text" } ], "body": { "mode": "raw", "raw": "", "options": { "raw": { "language": "json" } } }, "url": { "raw": "{{DEVServerURL}}", "host": [ "{{DEVServerURL}}" ], "path": ["image","read.php?pageno=1&pagesize=30"] } }, "response": [] }
,{"name": "Image - Search", "request":{ "auth":{ "type": "bearer", "bearer": [ { "key": "token", "value": "{{token}}", "type": "string"}]},"method": "GET", "header": [ { "key": "Content-Type", "name": "Content-Type", "value": "application/json", "type": "text" } ], "body": { "mode": "raw", "raw": "", "options": { "raw": { "language": "json" } } }, "url": { "raw": "{{DEVServerURL}}", "host": [ "{{DEVServerURL}}" ], "path": ["image","search.php?key=abc&pageno=1&pagesize=30"] } }, "response": [] }
,{"name": "Image - GETByID", "request":{ "auth":{ "type": "bearer", "bearer": [ { "key": "token", "value": "{{token}}", "type": "string"}]},"method": "GET", "header": [ { "key": "Content-Type", "name": "Content-Type", "value": "application/json", "type": "text" } ], "body": { "mode": "raw", "raw": "", "options": { "raw": { "language": "json" } } }, "url": { "raw": "{{DEVServerURL}}", "host": [ "{{DEVServerURL}}" ], "path": ["image","read_one.php?id=1"] } }, "response": [] }
,{"name": "Image - Delete", "request":{ "auth":{ "type": "bearer", "bearer": [ { "key": "token", "value": "{{token}}", "type": "string"}]},"method": "POST", "header": [ { "key": "Content-Type", "name": "Content-Type", "value": "application/json", "type": "text" } ], "body": { "mode": "raw", "raw": "{\"image_id\":\"\"}", "options": { "raw": { "language": "json" } } }, "url": { "raw": "{{DEVServerURL}}", "host": [ "{{DEVServerURL}}" ], "path": ["image","delete.php"] } }, "response": [] }
,{"name": "Image - Add New", "request":{ "auth":{ "type": "bearer", "bearer": [ { "key": "token", "value": "{{token}}", "type": "string"}]},"method": "POST", "header": [ { "key": "Content-Type", "name": "Content-Type", "value": "application/json", "type": "text" } ], "body": { "mode": "raw", "raw": "{\"name\":\"\",\"url\":\"\",\"item_id\":\"\"}", "options": { "raw": { "language": "json" } } }, "url": { "raw": "{{DEVServerURL}}", "host": [ "{{DEVServerURL}}" ], "path": ["image","create.php"] } }, "response": [] }
,{"name": "Image - Update", "request":{ "auth":{ "type": "bearer", "bearer": [ { "key": "token", "value": "{{token}}", "type": "string"}]},"method": "POST", "header": [ { "key": "Content-Type", "name": "Content-Type", "value": "application/json", "type": "text" } ], "body": { "mode": "raw", "raw": "{\"name\":\"\",\"url\":\"\",\"item_id\":\"\",\"image_id\":\"\"}", "options": { "raw": { "language": "json" } } }, "url": { "raw": "{{DEVServerURL}}", "host": [ "{{DEVServerURL}}" ], "path": ["image","update.php"] } }, "response": [] }
,{"name": "Image - SearchByColumn", "request":{ "auth":{ "type": "bearer", "bearer": [ { "key": "token", "value": "{{token}}", "type": "string"}]},"method": "POST", "header": [ { "key": "Content-Type", "name": "Content-Type", "value": "application/json", "type": "text" } ], "body": { "mode": "raw", "raw": "[{\"columnName\":\"\",\"columnLogic\":\"LIKE\",\"columnValue\":\"\"},{\"columnName\":\"\",\"columnLogic\":\"LIKE\",\"columnValue\":\"\"},{\"columnName\":\"\",\"columnLogic\":\"LIKE\",\"columnValue\":\"\"}]", "options": { "raw": { "language": "json" } } }, "url": { "raw": "{{DEVServerURL}}", "host": [ "{{DEVServerURL}}" ], "path": ["image","search_by_column.php?orAnd=OR&pageno=1&pagesize=30"] } }, "response": [] }
,{"name": "Image - GETByitem_id", "request":{ "auth":{ "type": "bearer", "bearer": [ { "key": "token", "value": "{{token}}", "type": "string"}]},"method": "GET", "header": [ { "key": "Content-Type", "name": "Content-Type", "value": "application/json", "type": "text" } ], "body": { "mode": "raw", "raw": "", "options": { "raw": { "language": "json" } } }, "url": { "raw": "{{DEVServerURL}}", "host": [ "{{DEVServerURL}}" ], "path": ["image","read_by_item_id.php?item_id=1"] } }, "response": [] }
,{"name": "Item - GETALL", "request":{ "auth":{ "type": "bearer", "bearer": [ { "key": "token", "value": "{{token}}", "type": "string"}]},"method": "GET", "header": [ { "key": "Content-Type", "name": "Content-Type", "value": "application/json", "type": "text" } ], "body": { "mode": "raw", "raw": "", "options": { "raw": { "language": "json" } } }, "url": { "raw": "{{DEVServerURL}}", "host": [ "{{DEVServerURL}}" ], "path": ["item","read.php?pageno=1&pagesize=30"] } }, "response": [] }
,{"name": "Item - Search", "request":{ "auth":{ "type": "bearer", "bearer": [ { "key": "token", "value": "{{token}}", "type": "string"}]},"method": "GET", "header": [ { "key": "Content-Type", "name": "Content-Type", "value": "application/json", "type": "text" } ], "body": { "mode": "raw", "raw": "", "options": { "raw": { "language": "json" } } }, "url": { "raw": "{{DEVServerURL}}", "host": [ "{{DEVServerURL}}" ], "path": ["item","search.php?key=abc&pageno=1&pagesize=30"] } }, "response": [] }
,{"name": "Item - GETByID", "request":{ "auth":{ "type": "bearer", "bearer": [ { "key": "token", "value": "{{token}}", "type": "string"}]},"method": "GET", "header": [ { "key": "Content-Type", "name": "Content-Type", "value": "application/json", "type": "text" } ], "body": { "mode": "raw", "raw": "", "options": { "raw": { "language": "json" } } }, "url": { "raw": "{{DEVServerURL}}", "host": [ "{{DEVServerURL}}" ], "path": ["item","read_one.php?id=1"] } }, "response": [] }
,{"name": "Item - Delete", "request":{ "auth":{ "type": "bearer", "bearer": [ { "key": "token", "value": "{{token}}", "type": "string"}]},"method": "POST", "header": [ { "key": "Content-Type", "name": "Content-Type", "value": "application/json", "type": "text" } ], "body": { "mode": "raw", "raw": "{\"item_id\":\"\"}", "options": { "raw": { "language": "json" } } }, "url": { "raw": "{{DEVServerURL}}", "host": [ "{{DEVServerURL}}" ], "path": ["item","delete.php"] } }, "response": [] }
,{"name": "Item - Add New", "request":{ "auth":{ "type": "bearer", "bearer": [ { "key": "token", "value": "{{token}}", "type": "string"}]},"method": "POST", "header": [ { "key": "Content-Type", "name": "Content-Type", "value": "application/json", "type": "text" } ], "body": { "mode": "raw", "raw": "{\"title\":\"\",\"description\":\"\",\"price\":\"\",\"quantity_needed\":\"\",\"unlimited\":\"\",\"favorite\":\"\",\"visible\":\"\",\"purchased\":\"\",\"cid\":\"\"}", "options": { "raw": { "language": "json" } } }, "url": { "raw": "{{DEVServerURL}}", "host": [ "{{DEVServerURL}}" ], "path": ["item","create.php"] } }, "response": [] }
,{"name": "Item - Update", "request":{ "auth":{ "type": "bearer", "bearer": [ { "key": "token", "value": "{{token}}", "type": "string"}]},"method": "POST", "header": [ { "key": "Content-Type", "name": "Content-Type", "value": "application/json", "type": "text" } ], "body": { "mode": "raw", "raw": "{\"title\":\"\",\"description\":\"\",\"price\":\"\",\"quantity_needed\":\"\",\"unlimited\":\"\",\"favorite\":\"\",\"visible\":\"\",\"purchased\":\"\",\"cid\":\"\",\"item_id\":\"\"}", "options": { "raw": { "language": "json" } } }, "url": { "raw": "{{DEVServerURL}}", "host": [ "{{DEVServerURL}}" ], "path": ["item","update.php"] } }, "response": [] }
,{"name": "Item - SearchByColumn", "request":{ "auth":{ "type": "bearer", "bearer": [ { "key": "token", "value": "{{token}}", "type": "string"}]},"method": "POST", "header": [ { "key": "Content-Type", "name": "Content-Type", "value": "application/json", "type": "text" } ], "body": { "mode": "raw", "raw": "[{\"columnName\":\"\",\"columnLogic\":\"LIKE\",\"columnValue\":\"\"},{\"columnName\":\"\",\"columnLogic\":\"LIKE\",\"columnValue\":\"\"},{\"columnName\":\"\",\"columnLogic\":\"LIKE\",\"columnValue\":\"\"},{\"columnName\":\"\",\"columnLogic\":\"LIKE\",\"columnValue\":\"\"},{\"columnName\":\"\",\"columnLogic\":\"LIKE\",\"columnValue\":\"\"},{\"columnName\":\"\",\"columnLogic\":\"LIKE\",\"columnValue\":\"\"},{\"columnName\":\"\",\"columnLogic\":\"LIKE\",\"columnValue\":\"\"},{\"columnName\":\"\",\"columnLogic\":\"LIKE\",\"columnValue\":\"\"},{\"columnName\":\"\",\"columnLogic\":\"LIKE\",\"columnValue\":\"\"}]", "options": { "raw": { "language": "json" } } }, "url": { "raw": "{{DEVServerURL}}", "host": [ "{{DEVServerURL}}" ], "path": ["item","search_by_column.php?orAnd=OR&pageno=1&pagesize=30"] } }, "response": [] }
,{"name": "Item - GETBycid", "request":{ "auth":{ "type": "bearer", "bearer": [ { "key": "token", "value": "{{token}}", "type": "string"}]},"method": "GET", "header": [ { "key": "Content-Type", "name": "Content-Type", "value": "application/json", "type": "text" } ], "body": { "mode": "raw", "raw": "", "options": { "raw": { "language": "json" } } }, "url": { "raw": "{{DEVServerURL}}", "host": [ "{{DEVServerURL}}" ], "path": ["item","read_by_cid.php?cid=1"] } }, "response": [] }
,{"name": "Partner - GETALL", "request":{ "auth":{ "type": "bearer", "bearer": [ { "key": "token", "value": "{{token}}", "type": "string"}]},"method": "GET", "header": [ { "key": "Content-Type", "name": "Content-Type", "value": "application/json", "type": "text" } ], "body": { "mode": "raw", "raw": "", "options": { "raw": { "language": "json" } } }, "url": { "raw": "{{DEVServerURL}}", "host": [ "{{DEVServerURL}}" ], "path": ["partner","read.php?pageno=1&pagesize=30"] } }, "response": [] }
,{"name": "Partner - Search", "request":{ "auth":{ "type": "bearer", "bearer": [ { "key": "token", "value": "{{token}}", "type": "string"}]},"method": "GET", "header": [ { "key": "Content-Type", "name": "Content-Type", "value": "application/json", "type": "text" } ], "body": { "mode": "raw", "raw": "", "options": { "raw": { "language": "json" } } }, "url": { "raw": "{{DEVServerURL}}", "host": [ "{{DEVServerURL}}" ], "path": ["partner","search.php?key=abc&pageno=1&pagesize=30"] } }, "response": [] }
,{"name": "Partner - GETByID", "request":{ "auth":{ "type": "bearer", "bearer": [ { "key": "token", "value": "{{token}}", "type": "string"}]},"method": "GET", "header": [ { "key": "Content-Type", "name": "Content-Type", "value": "application/json", "type": "text" } ], "body": { "mode": "raw", "raw": "", "options": { "raw": { "language": "json" } } }, "url": { "raw": "{{DEVServerURL}}", "host": [ "{{DEVServerURL}}" ], "path": ["partner","read_one.php?id=1"] } }, "response": [] }
,{"name": "Partner - Delete", "request":{ "auth":{ "type": "bearer", "bearer": [ { "key": "token", "value": "{{token}}", "type": "string"}]},"method": "POST", "header": [ { "key": "Content-Type", "name": "Content-Type", "value": "application/json", "type": "text" } ], "body": { "mode": "raw", "raw": "{\"pid\":\"\"}", "options": { "raw": { "language": "json" } } }, "url": { "raw": "{{DEVServerURL}}", "host": [ "{{DEVServerURL}}" ], "path": ["partner","delete.php"] } }, "response": [] }
,{"name": "Partner - Add New", "request":{ "auth":{ "type": "bearer", "bearer": [ { "key": "token", "value": "{{token}}", "type": "string"}]},"method": "POST", "header": [ { "key": "Content-Type", "name": "Content-Type", "value": "application/json", "type": "text" } ], "body": { "mode": "raw", "raw": "{\"name\":\"\",\"lastname1\":\"\",\"lastname2\":\"\",\"email\":\"\"}", "options": { "raw": { "language": "json" } } }, "url": { "raw": "{{DEVServerURL}}", "host": [ "{{DEVServerURL}}" ], "path": ["partner","create.php"] } }, "response": [] }
,{"name": "Partner - Update", "request":{ "auth":{ "type": "bearer", "bearer": [ { "key": "token", "value": "{{token}}", "type": "string"}]},"method": "POST", "header": [ { "key": "Content-Type", "name": "Content-Type", "value": "application/json", "type": "text" } ], "body": { "mode": "raw", "raw": "{\"name\":\"\",\"lastname1\":\"\",\"lastname2\":\"\",\"email\":\"\",\"pid\":\"\"}", "options": { "raw": { "language": "json" } } }, "url": { "raw": "{{DEVServerURL}}", "host": [ "{{DEVServerURL}}" ], "path": ["partner","update.php"] } }, "response": [] }
,{"name": "Partner - SearchByColumn", "request":{ "auth":{ "type": "bearer", "bearer": [ { "key": "token", "value": "{{token}}", "type": "string"}]},"method": "POST", "header": [ { "key": "Content-Type", "name": "Content-Type", "value": "application/json", "type": "text" } ], "body": { "mode": "raw", "raw": "[{\"columnName\":\"\",\"columnLogic\":\"LIKE\",\"columnValue\":\"\"},{\"columnName\":\"\",\"columnLogic\":\"LIKE\",\"columnValue\":\"\"},{\"columnName\":\"\",\"columnLogic\":\"LIKE\",\"columnValue\":\"\"},{\"columnName\":\"\",\"columnLogic\":\"LIKE\",\"columnValue\":\"\"}]", "options": { "raw": { "language": "json" } } }, "url": { "raw": "{{DEVServerURL}}", "host": [ "{{DEVServerURL}}" ], "path": ["partner","search_by_column.php?orAnd=OR&pageno=1&pagesize=30"] } }, "response": [] }
,{"name": "Purchased - GETALL", "request":{ "auth":{ "type": "bearer", "bearer": [ { "key": "token", "value": "{{token}}", "type": "string"}]},"method": "GET", "header": [ { "key": "Content-Type", "name": "Content-Type", "value": "application/json", "type": "text" } ], "body": { "mode": "raw", "raw": "", "options": { "raw": { "language": "json" } } }, "url": { "raw": "{{DEVServerURL}}", "host": [ "{{DEVServerURL}}" ], "path": ["purchased","read.php?pageno=1&pagesize=30"] } }, "response": [] }
,{"name": "Purchased - Search", "request":{ "auth":{ "type": "bearer", "bearer": [ { "key": "token", "value": "{{token}}", "type": "string"}]},"method": "GET", "header": [ { "key": "Content-Type", "name": "Content-Type", "value": "application/json", "type": "text" } ], "body": { "mode": "raw", "raw": "", "options": { "raw": { "language": "json" } } }, "url": { "raw": "{{DEVServerURL}}", "host": [ "{{DEVServerURL}}" ], "path": ["purchased","search.php?key=abc&pageno=1&pagesize=30"] } }, "response": [] }
,{"name": "Purchased - GETByID", "request":{ "auth":{ "type": "bearer", "bearer": [ { "key": "token", "value": "{{token}}", "type": "string"}]},"method": "GET", "header": [ { "key": "Content-Type", "name": "Content-Type", "value": "application/json", "type": "text" } ], "body": { "mode": "raw", "raw": "", "options": { "raw": { "language": "json" } } }, "url": { "raw": "{{DEVServerURL}}", "host": [ "{{DEVServerURL}}" ], "path": ["purchased","read_one.php?id=1"] } }, "response": [] }
,{"name": "Purchased - Delete", "request":{ "auth":{ "type": "bearer", "bearer": [ { "key": "token", "value": "{{token}}", "type": "string"}]},"method": "POST", "header": [ { "key": "Content-Type", "name": "Content-Type", "value": "application/json", "type": "text" } ], "body": { "mode": "raw", "raw": "{\"pid\":\"\"}", "options": { "raw": { "language": "json" } } }, "url": { "raw": "{{DEVServerURL}}", "host": [ "{{DEVServerURL}}" ], "path": ["purchased","delete.php"] } }, "response": [] }
,{"name": "Purchased - Add New", "request":{ "auth":{ "type": "bearer", "bearer": [ { "key": "token", "value": "{{token}}", "type": "string"}]},"method": "POST", "header": [ { "key": "Content-Type", "name": "Content-Type", "value": "application/json", "type": "text" } ], "body": { "mode": "raw", "raw": "{\"gid\":\"\",\"uid\":\"\"}", "options": { "raw": { "language": "json" } } }, "url": { "raw": "{{DEVServerURL}}", "host": [ "{{DEVServerURL}}" ], "path": ["purchased","create.php"] } }, "response": [] }
,{"name": "Purchased - Update", "request":{ "auth":{ "type": "bearer", "bearer": [ { "key": "token", "value": "{{token}}", "type": "string"}]},"method": "POST", "header": [ { "key": "Content-Type", "name": "Content-Type", "value": "application/json", "type": "text" } ], "body": { "mode": "raw", "raw": "{\"gid\":\"\",\"uid\":\"\",\"pid\":\"\"}", "options": { "raw": { "language": "json" } } }, "url": { "raw": "{{DEVServerURL}}", "host": [ "{{DEVServerURL}}" ], "path": ["purchased","update.php"] } }, "response": [] }
,{"name": "Purchased - SearchByColumn", "request":{ "auth":{ "type": "bearer", "bearer": [ { "key": "token", "value": "{{token}}", "type": "string"}]},"method": "POST", "header": [ { "key": "Content-Type", "name": "Content-Type", "value": "application/json", "type": "text" } ], "body": { "mode": "raw", "raw": "[{\"columnName\":\"\",\"columnLogic\":\"LIKE\",\"columnValue\":\"\"},{\"columnName\":\"\",\"columnLogic\":\"LIKE\",\"columnValue\":\"\"}]", "options": { "raw": { "language": "json" } } }, "url": { "raw": "{{DEVServerURL}}", "host": [ "{{DEVServerURL}}" ], "path": ["purchased","search_by_column.php?orAnd=OR&pageno=1&pagesize=30"] } }, "response": [] }
,{"name": "Purchased_Item - GETALL", "request":{ "auth":{ "type": "bearer", "bearer": [ { "key": "token", "value": "{{token}}", "type": "string"}]},"method": "GET", "header": [ { "key": "Content-Type", "name": "Content-Type", "value": "application/json", "type": "text" } ], "body": { "mode": "raw", "raw": "", "options": { "raw": { "language": "json" } } }, "url": { "raw": "{{DEVServerURL}}", "host": [ "{{DEVServerURL}}" ], "path": ["purchased_item","read.php?pageno=1&pagesize=30"] } }, "response": [] }
,{"name": "Purchased_Item - Search", "request":{ "auth":{ "type": "bearer", "bearer": [ { "key": "token", "value": "{{token}}", "type": "string"}]},"method": "GET", "header": [ { "key": "Content-Type", "name": "Content-Type", "value": "application/json", "type": "text" } ], "body": { "mode": "raw", "raw": "", "options": { "raw": { "language": "json" } } }, "url": { "raw": "{{DEVServerURL}}", "host": [ "{{DEVServerURL}}" ], "path": ["purchased_item","search.php?key=abc&pageno=1&pagesize=30"] } }, "response": [] }
,{"name": "Purchased_Item - GETByID", "request":{ "auth":{ "type": "bearer", "bearer": [ { "key": "token", "value": "{{token}}", "type": "string"}]},"method": "GET", "header": [ { "key": "Content-Type", "name": "Content-Type", "value": "application/json", "type": "text" } ], "body": { "mode": "raw", "raw": "", "options": { "raw": { "language": "json" } } }, "url": { "raw": "{{DEVServerURL}}", "host": [ "{{DEVServerURL}}" ], "path": ["purchased_item","read_one.php?id=1"] } }, "response": [] }
,{"name": "Purchased_Item - Delete", "request":{ "auth":{ "type": "bearer", "bearer": [ { "key": "token", "value": "{{token}}", "type": "string"}]},"method": "POST", "header": [ { "key": "Content-Type", "name": "Content-Type", "value": "application/json", "type": "text" } ], "body": { "mode": "raw", "raw": "{\"item_id\":\"\"}", "options": { "raw": { "language": "json" } } }, "url": { "raw": "{{DEVServerURL}}", "host": [ "{{DEVServerURL}}" ], "path": ["purchased_item","delete.php"] } }, "response": [] }
,{"name": "Purchased_Item - Add New", "request":{ "auth":{ "type": "bearer", "bearer": [ { "key": "token", "value": "{{token}}", "type": "string"}]},"method": "POST", "header": [ { "key": "Content-Type", "name": "Content-Type", "value": "application/json", "type": "text" } ], "body": { "mode": "raw", "raw": "{\"item_id\":\"\",\"pid\":\"\"}", "options": { "raw": { "language": "json" } } }, "url": { "raw": "{{DEVServerURL}}", "host": [ "{{DEVServerURL}}" ], "path": ["purchased_item","create.php"] } }, "response": [] }
,{"name": "Purchased_Item - Update", "request":{ "auth":{ "type": "bearer", "bearer": [ { "key": "token", "value": "{{token}}", "type": "string"}]},"method": "POST", "header": [ { "key": "Content-Type", "name": "Content-Type", "value": "application/json", "type": "text" } ], "body": { "mode": "raw", "raw": "{\"item_id\":\"\",\"pid\":\"\"}", "options": { "raw": { "language": "json" } } }, "url": { "raw": "{{DEVServerURL}}", "host": [ "{{DEVServerURL}}" ], "path": ["purchased_item","update.php"] } }, "response": [] }
,{"name": "Purchased_Item - SearchByColumn", "request":{ "auth":{ "type": "bearer", "bearer": [ { "key": "token", "value": "{{token}}", "type": "string"}]},"method": "POST", "header": [ { "key": "Content-Type", "name": "Content-Type", "value": "application/json", "type": "text" } ], "body": { "mode": "raw", "raw": "[{\"columnName\":\"\",\"columnLogic\":\"LIKE\",\"columnValue\":\"\"},{\"columnName\":\"\",\"columnLogic\":\"LIKE\",\"columnValue\":\"\"}]", "options": { "raw": { "language": "json" } } }, "url": { "raw": "{{DEVServerURL}}", "host": [ "{{DEVServerURL}}" ], "path": ["purchased_item","search_by_column.php?orAnd=OR&pageno=1&pagesize=30"] } }, "response": [] }
,{"name": "Purchased_Item - GETByitem_id", "request":{ "auth":{ "type": "bearer", "bearer": [ { "key": "token", "value": "{{token}}", "type": "string"}]},"method": "GET", "header": [ { "key": "Content-Type", "name": "Content-Type", "value": "application/json", "type": "text" } ], "body": { "mode": "raw", "raw": "", "options": { "raw": { "language": "json" } } }, "url": { "raw": "{{DEVServerURL}}", "host": [ "{{DEVServerURL}}" ], "path": ["purchased_item","read_by_item_id.php?item_id=1"] } }, "response": [] }
,{"name": "User - GETALL", "request":{ "auth":{ "type": "bearer", "bearer": [ { "key": "token", "value": "{{token}}", "type": "string"}]},"method": "GET", "header": [ { "key": "Content-Type", "name": "Content-Type", "value": "application/json", "type": "text" } ], "body": { "mode": "raw", "raw": "", "options": { "raw": { "language": "json" } } }, "url": { "raw": "{{DEVServerURL}}", "host": [ "{{DEVServerURL}}" ], "path": ["user","read.php?pageno=1&pagesize=30"] } }, "response": [] }
,{"name": "User - Search", "request":{ "auth":{ "type": "bearer", "bearer": [ { "key": "token", "value": "{{token}}", "type": "string"}]},"method": "GET", "header": [ { "key": "Content-Type", "name": "Content-Type", "value": "application/json", "type": "text" } ], "body": { "mode": "raw", "raw": "", "options": { "raw": { "language": "json" } } }, "url": { "raw": "{{DEVServerURL}}", "host": [ "{{DEVServerURL}}" ], "path": ["user","search.php?key=abc&pageno=1&pagesize=30"] } }, "response": [] }
,{"name": "User - GETByID", "request":{ "auth":{ "type": "bearer", "bearer": [ { "key": "token", "value": "{{token}}", "type": "string"}]},"method": "GET", "header": [ { "key": "Content-Type", "name": "Content-Type", "value": "application/json", "type": "text" } ], "body": { "mode": "raw", "raw": "", "options": { "raw": { "language": "json" } } }, "url": { "raw": "{{DEVServerURL}}", "host": [ "{{DEVServerURL}}" ], "path": ["user","read_one.php?id=1"] } }, "response": [] }
,{"name": "User - Delete", "request":{ "auth":{ "type": "bearer", "bearer": [ { "key": "token", "value": "{{token}}", "type": "string"}]},"method": "POST", "header": [ { "key": "Content-Type", "name": "Content-Type", "value": "application/json", "type": "text" } ], "body": { "mode": "raw", "raw": "{\"uid\":\"\"}", "options": { "raw": { "language": "json" } } }, "url": { "raw": "{{DEVServerURL}}", "host": [ "{{DEVServerURL}}" ], "path": ["user","delete.php"] } }, "response": [] }
,{"name": "User - Add New", "request":{ "auth":{ "type": "bearer", "bearer": [ { "key": "token", "value": "{{token}}", "type": "string"}]},"method": "POST", "header": [ { "key": "Content-Type", "name": "Content-Type", "value": "application/json", "type": "text" } ], "body": { "mode": "raw", "raw": "{\"email\":\"\",\"password\":\"\"}", "options": { "raw": { "language": "json" } } }, "url": { "raw": "{{DEVServerURL}}", "host": [ "{{DEVServerURL}}" ], "path": ["user","create.php"] } }, "response": [] }
,{"name": "User - Update", "request":{ "auth":{ "type": "bearer", "bearer": [ { "key": "token", "value": "{{token}}", "type": "string"}]},"method": "POST", "header": [ { "key": "Content-Type", "name": "Content-Type", "value": "application/json", "type": "text" } ], "body": { "mode": "raw", "raw": "{\"email\":\"\",\"password\":\"\",\"uid\":\"\"}", "options": { "raw": { "language": "json" } } }, "url": { "raw": "{{DEVServerURL}}", "host": [ "{{DEVServerURL}}" ], "path": ["user","update.php"] } }, "response": [] }
,{"name": "User - SearchByColumn", "request":{ "auth":{ "type": "bearer", "bearer": [ { "key": "token", "value": "{{token}}", "type": "string"}]},"method": "POST", "header": [ { "key": "Content-Type", "name": "Content-Type", "value": "application/json", "type": "text" } ], "body": { "mode": "raw", "raw": "[{\"columnName\":\"\",\"columnLogic\":\"LIKE\",\"columnValue\":\"\"},{\"columnName\":\"\",\"columnLogic\":\"LIKE\",\"columnValue\":\"\"}]", "options": { "raw": { "language": "json" } } }, "url": { "raw": "{{DEVServerURL}}", "host": [ "{{DEVServerURL}}" ], "path": ["user","search_by_column.php?orAnd=OR&pageno=1&pagesize=30"] } }, "response": [] }
,{"name": "Wedding - GETALL", "request":{ "auth":{ "type": "bearer", "bearer": [ { "key": "token", "value": "{{token}}", "type": "string"}]},"method": "GET", "header": [ { "key": "Content-Type", "name": "Content-Type", "value": "application/json", "type": "text" } ], "body": { "mode": "raw", "raw": "", "options": { "raw": { "language": "json" } } }, "url": { "raw": "{{DEVServerURL}}", "host": [ "{{DEVServerURL}}" ], "path": ["wedding","read.php?pageno=1&pagesize=30"] } }, "response": [] }
,{"name": "Wedding - Search", "request":{ "auth":{ "type": "bearer", "bearer": [ { "key": "token", "value": "{{token}}", "type": "string"}]},"method": "GET", "header": [ { "key": "Content-Type", "name": "Content-Type", "value": "application/json", "type": "text" } ], "body": { "mode": "raw", "raw": "", "options": { "raw": { "language": "json" } } }, "url": { "raw": "{{DEVServerURL}}", "host": [ "{{DEVServerURL}}" ], "path": ["wedding","search.php?key=abc&pageno=1&pagesize=30"] } }, "response": [] }
,{"name": "Wedding - GETByID", "request":{ "auth":{ "type": "bearer", "bearer": [ { "key": "token", "value": "{{token}}", "type": "string"}]},"method": "GET", "header": [ { "key": "Content-Type", "name": "Content-Type", "value": "application/json", "type": "text" } ], "body": { "mode": "raw", "raw": "", "options": { "raw": { "language": "json" } } }, "url": { "raw": "{{DEVServerURL}}", "host": [ "{{DEVServerURL}}" ], "path": ["wedding","read_one.php?id=1"] } }, "response": [] }
,{"name": "Wedding - Delete", "request":{ "auth":{ "type": "bearer", "bearer": [ { "key": "token", "value": "{{token}}", "type": "string"}]},"method": "POST", "header": [ { "key": "Content-Type", "name": "Content-Type", "value": "application/json", "type": "text" } ], "body": { "mode": "raw", "raw": "{\"wid\":\"\"}", "options": { "raw": { "language": "json" } } }, "url": { "raw": "{{DEVServerURL}}", "host": [ "{{DEVServerURL}}" ], "path": ["wedding","delete.php"] } }, "response": [] }
,{"name": "Wedding - Add New", "request":{ "auth":{ "type": "bearer", "bearer": [ { "key": "token", "value": "{{token}}", "type": "string"}]},"method": "POST", "header": [ { "key": "Content-Type", "name": "Content-Type", "value": "application/json", "type": "text" } ], "body": { "mode": "raw", "raw": "{\"partner_a\":\"\",\"partner_b\":\"\",\"date\":\"\",\"uid\":\"\"}", "options": { "raw": { "language": "json" } } }, "url": { "raw": "{{DEVServerURL}}", "host": [ "{{DEVServerURL}}" ], "path": ["wedding","create.php"] } }, "response": [] }
,{"name": "Wedding - Update", "request":{ "auth":{ "type": "bearer", "bearer": [ { "key": "token", "value": "{{token}}", "type": "string"}]},"method": "POST", "header": [ { "key": "Content-Type", "name": "Content-Type", "value": "application/json", "type": "text" } ], "body": { "mode": "raw", "raw": "{\"partner_a\":\"\",\"partner_b\":\"\",\"date\":\"\",\"uid\":\"\",\"wid\":\"\"}", "options": { "raw": { "language": "json" } } }, "url": { "raw": "{{DEVServerURL}}", "host": [ "{{DEVServerURL}}" ], "path": ["wedding","update.php"] } }, "response": [] }
,{"name": "Wedding - SearchByColumn", "request":{ "auth":{ "type": "bearer", "bearer": [ { "key": "token", "value": "{{token}}", "type": "string"}]},"method": "POST", "header": [ { "key": "Content-Type", "name": "Content-Type", "value": "application/json", "type": "text" } ], "body": { "mode": "raw", "raw": "[{\"columnName\":\"\",\"columnLogic\":\"LIKE\",\"columnValue\":\"\"},{\"columnName\":\"\",\"columnLogic\":\"LIKE\",\"columnValue\":\"\"},{\"columnName\":\"\",\"columnLogic\":\"LIKE\",\"columnValue\":\"\"},{\"columnName\":\"\",\"columnLogic\":\"LIKE\",\"columnValue\":\"\"}]", "options": { "raw": { "language": "json" } } }, "url": { "raw": "{{DEVServerURL}}", "host": [ "{{DEVServerURL}}" ], "path": ["wedding","search_by_column.php?orAnd=OR&pageno=1&pagesize=30"] } }, "response": [] }
,{"name": "Wedding - GETBypartner_a", "request":{ "auth":{ "type": "bearer", "bearer": [ { "key": "token", "value": "{{token}}", "type": "string"}]},"method": "GET", "header": [ { "key": "Content-Type", "name": "Content-Type", "value": "application/json", "type": "text" } ], "body": { "mode": "raw", "raw": "", "options": { "raw": { "language": "json" } } }, "url": { "raw": "{{DEVServerURL}}", "host": [ "{{DEVServerURL}}" ], "path": ["wedding","read_by_partner_a.php?partner_a=1"] } }, "response": [] }
,{"name": "Wedding - GETBypartner_b", "request":{ "auth":{ "type": "bearer", "bearer": [ { "key": "token", "value": "{{token}}", "type": "string"}]},"method": "GET", "header": [ { "key": "Content-Type", "name": "Content-Type", "value": "application/json", "type": "text" } ], "body": { "mode": "raw", "raw": "", "options": { "raw": { "language": "json" } } }, "url": { "raw": "{{DEVServerURL}}", "host": [ "{{DEVServerURL}}" ], "path": ["wedding","read_by_partner_b.php?partner_b=1"] } }, "response": [] }
,{"name": "Wedding - GETByuid", "request":{ "auth":{ "type": "bearer", "bearer": [ { "key": "token", "value": "{{token}}", "type": "string"}]},"method": "GET", "header": [ { "key": "Content-Type", "name": "Content-Type", "value": "application/json", "type": "text" } ], "body": { "mode": "raw", "raw": "", "options": { "raw": { "language": "json" } } }, "url": { "raw": "{{DEVServerURL}}", "host": [ "{{DEVServerURL}}" ], "path": ["wedding","read_by_uid.php?uid=1"] } }, "response": [] }

  ],
	"protocolProfileBehavior": {}
}
